"Survivors","Killers"
"Ace in the Hole",
"Adrenaline",
"Aftercare",
"Alert",
"Any Means Necessary",
"Autodidact",
"Babysitter",
"Balanced Landing",
"Better Together",
"Blood Pact",
"Boil Over",
"Bond",
"Borrowed Time",
"Botany Knowledge",
"Breakdown",
"Breakout",
"Buckle Up",
"Calm Spirit",
"Camaraderie",
"Dance With Me",
"Dark Sense",
"Dead Hard",
"Decisive Strike",
"Déjà Vu",
"Deliverance",
"Detective's Hunch",
"Distortion",
"Diversion",
"Empathy",
"Fixated",
"Flip-Flop",
"For the People",
"Head On",
"Hope",
"Inner Strength",
"Iron Will",
"Kindred",
"Leader",
"Left Behind",
"Lightweight",
"Lithe",
"Lucky Break",
"Mettle of Man",
"No Mither",
"No One Left Behind",
"Object of Obsession",
"Off the Record",
"Open-Handed",
"Pharmacy",
"Plunderer's Instinct",
"Poised",
"Premonition",
"Prove Thyself",
"Quick & Quiet",
"Red Herring",
"Repressed Alliance",
"Resilience",
"Saboteur",
"Second Wind",
"Self-Care",
"Slippery Meat",
"Small Game",
"Sole Survivor",
"Solidarity",
"Soul Guard",
"Spine Chill",
"Sprint Burst",
"Stake Out",
"Streetwise",
"This Is Not Happening",
"Technician",
"Tenacity",
"Up the Ante",
"Unbreakable",
"Urban Evasion",
"Vigil",
"Wake Up!",
"We'll Make It",
"We're Gonna Live Forever",
"Windows of Opportunity","A Nurse's Calling"
"Windows of Opportunity","Agitation"
"Windows of Opportunity","Bamboozle"
"Windows of Opportunity","Barbecue & Chilli"
"Windows of Opportunity","Beast of Prey"
"Windows of Opportunity","Bitter Murmur"
"Windows of Opportunity","Blood Echo"
"Windows of Opportunity","Blood Warden"
"Windows of Opportunity","Bloodhound"
"Windows of Opportunity","Brutal Strength"
"Windows of Opportunity","Corrupt Intervention"
"Windows of Opportunity","Coulrophobia"
"Windows of Opportunity","Cruel Limits"
"Windows of Opportunity","Dark Devotion"
"Windows of Opportunity","Dead Man's Switch"
"Windows of Opportunity","Deathbound"
"Windows of Opportunity","Deerstalker"
"Windows of Opportunity","Discordance"
"Windows of Opportunity","Distressing"
"Windows of Opportunity","Dying Light"
"Windows of Opportunity","Enduring"
"Windows of Opportunity","Fire Up"
"Windows of Opportunity","Forced Penance"
"Windows of Opportunity","Franklin's Demise"
"Windows of Opportunity","Furtive Chase"
"Windows of Opportunity","Gearhead"
"Windows of Opportunity","Hangman's Trick"
"Windows of Opportunity","Hex: Devour Hope"
"Windows of Opportunity","Hex: Haunted Ground"
"Windows of Opportunity","Hex: Huntress Lullaby"
"Windows of Opportunity","Hex: No One Escapes Death"
"Windows of Opportunity","Hex: Retribution"
"Windows of Opportunity","Hex: Ruin"
"Windows of Opportunity","Hex: The Third Seal"
"Windows of Opportunity","Hex: Thrill of the Hunt"
"Windows of Opportunity","I'm All Ears"
"Windows of Opportunity","Infectious Fright"
"Windows of Opportunity","Insidious"
"Windows of Opportunity","Iron Grasp"
"Windows of Opportunity","Iron Maiden"
"Windows of Opportunity","Knock Out"
"Windows of Opportunity","Lightborn"
"Windows of Opportunity","Mad Grit"
"Windows of Opportunity","Make Your Choice"
"Windows of Opportunity","Mindbreaker"
"Windows of Opportunity","Monitor & Abuse"
"Windows of Opportunity","Monstrous Shrine"
"Windows of Opportunity","Nemesis"
"Windows of Opportunity","Overcharge"
"Windows of Opportunity","Overwhelming Presence"
"Windows of Opportunity","Play with Your Food"
"Windows of Opportunity","Pop Goes the Weasel"
"Windows of Opportunity","Predator"
"Windows of Opportunity","Rancor"
"Windows of Opportunity","Remember Me"
"Windows of Opportunity","Save the Best for Last"
"Windows of Opportunity","Shadowborn"
"Windows of Opportunity","Sloppy Butcher"
"Windows of Opportunity","Spies from the Shadows"
"Windows of Opportunity","Spirit Fury"
"Windows of Opportunity","Stridor"
"Windows of Opportunity","Surge"
"Windows of Opportunity","Surveillance"
"Windows of Opportunity","Territorial Imperative"
"Windows of Opportunity","Tinkerer"
"Windows of Opportunity","Thanatophobia"
"Windows of Opportunity","Thrilling Tremors"
"Windows of Opportunity","Trail of Torment"
"Windows of Opportunity","Unnerving Presence"
"Windows of Opportunity","Unrelenting"
"Windows of Opportunity","Whispers"
"Windows of Opportunity","Zanshin Tactics"
